codec,corruption,family,sev1_ratio,sev5_ratio,rho,direction,matches_prediction,clean_kB,sev5_kB
jpeg,gaussian_noise,confirmatory-additive,1.6433922415133355,3.1605877821394177,0.6628150869575168,up,True,9.9095,31.3965
jpeg,impulse_noise,confirmatory-additive,1.7624078072514562,3.1407820382647382,0.5835480976317718,up,True,9.9095,31.136
jpeg,shot_noise,confirmatory-additive,1.6278009282417165,3.113530206745238,0.6496743902540273,up,True,9.9095,32.037
jpeg,contrast,confirmatory-reductive,0.6073698922698911,0.21539657938130063,-0.9537929835949435,down,True,9.9095,2.0655
jpeg,defocus_blur,confirmatory-reductive,0.6156343026800208,0.4140609959708361,-0.5921818690418784,down,True,9.9095,3.9815
jpeg,brightness,exploratory,1.0204887631948965,0.9524993374685169,-0.218052908869301,down,,9.9095,9.369
jpeg,elastic_transform,exploratory,0.9604350191083537,1.0717414022881573,0.5557438020544025,up,,9.9095,10.54
jpeg,fog,exploratory,0.6210072304081633,0.5728510762394018,-0.2305084286565024,down,,9.9095,5.6755
jpeg,frost,exploratory,1.0796326167233048,1.1077284825797589,0.013042989273877006,up,,9.9095,11.079
jpeg,jpeg_compression,exploratory,0.7895116090408174,0.43492562323495504,-0.9121546493692083,down,,9.9095,4.108
jpeg,motion_blur,exploratory,0.763963483403081,0.5495911142202161,-0.7408642716299911,down,,9.9095,5.293
jpeg,pixelate,exploratory,0.9606865027595659,0.7437904812878708,-0.5635662482356424,down,,9.9095,7.236
jpeg,snow,exploratory,1.244005190785015,1.1740430882628337,-0.15993508702742001,up,,9.9095,12.326
jpeg,zoom_blur,exploratory,0.6818339923355317,0.5870533764209125,-0.4036755240579129,down,,9.9095,5.812
webp,gaussian_noise,confirmatory-additive,2.455532240300245,4.61011061095128,0.4357984062742082,up,True,6.938,31.874
webp,impulse_noise,confirmatory-additive,2.3841920451475622,4.5667641779137025,0.4342116811636108,up,True,6.938,31.597
webp,shot_noise,confirmatory-additive,2.369508291559385,4.544855225596806,0.4518886969917433,up,True,6.938,32.662
webp,contrast,confirmatory-reductive,0.45546143341292256,0.06675779804981793,-0.9536102247512757,down,True,6.938,0.426
webp,defocus_blur,confirmatory-reductive,0.4528652804977575,0.25526222972351603,-0.5397090329937203,down,True,6.938,1.671
webp,brightness,exploratory,1.0326951716288615,0.9731211408493422,-0.11666239918070766,down,,6.938,6.668
webp,elastic_transform,exploratory,0.9287872040851151,1.1230881538009476,0.5254611673288939,up,,6.938,7.824
webp,fog,exploratory,0.4726743002659709,0.40684717715061636,-0.21696125292683247,down,,6.938,2.724
webp,frost,exploratory,1.134802438387403,1.2357898236798728,0.04717458950479158,up,,6.938,8.763
webp,jpeg_compression,exploratory,0.8355629483511955,0.5965370159743069,-0.6454620848044663,down,,6.938,3.895
webp,motion_blur,exploratory,0.6244316042423257,0.37616356622683683,-0.6765946927221405,down,,6.938,2.505
webp,pixelate,exploratory,0.932036854364319,0.37600192680580047,-0.6885518775737961,down,,6.938,2.492
webp,snow,exploratory,1.4067345635469053,1.331186124672754,-0.14639934203656985,up,,6.938,9.902
webp,zoom_blur,exploratory,0.5177459750929969,0.4142713613310678,-0.3407041744820973,down,,6.938,2.77
