rate,load,D_ms,oracle_w,oracle_max,logit_w,logit_max,logit_n_gt05,logit_null_mean_w,logit_n_exceed_null95,logit_n_strata,logit_signed_bias_w,logit_iso_w,logit_iso_max,logit_iso_n_gt05,logit_iso_null_mean_w,logit_iso_n_exceed_null95,logit_iso_n_strata,logit_iso_signed_bias_w,gbm_w,gbm_max,gbm_n_gt05,gbm_null_mean_w,gbm_n_exceed_null95,gbm_n_strata,gbm_signed_bias_w
1.0,0.3,160,0.009227187500000006,0.025886524822695038,0.018329656997675817,0.0399636094507858,0,0.011148827692998143,16,71,2.686592546657699e-05,0.013915270397132294,0.037223907094205776,0,0.011028639659024292,17,71,5.579411929399099e-05,0.010658736862152593,0.030458888491892332,0,0.01088991990521945,3,71,-0.00010720700696407192
1.0,0.3,200,0.0066380468749999985,0.02414475974930365,0.017862524143374196,0.044031146057829,0,0.0100569168798775,33,71,-1.4815296641098427e-05,0.014860131365057275,0.04973723610092183,0,0.009815787287507571,29,71,0.001586348464263038,0.008561422924439599,0.031670626988947716,0,0.009528124851457044,2,71,0.0002509623850495711
1.0,0.3,240,0.0057428125,0.01835106382978724,0.017604034460408174,0.05231568370031436,1,0.008894139304388645,37,71,9.646471747392474e-05,0.014009042232674691,0.06285637568998757,4,0.008699952526781542,34,71,4.3262763071964584e-05,0.008212379741992666,0.031115164981406894,0,0.008357554826934583,6,71,0.0002509623850495711
1.0,0.6,160,0.007526171874999997,0.020430154820548906,0.013894562745322778,0.03067285899722162,0,0.00897611312654499,15,71,1.957396730418039e-05,0.011965929644525416,0.029274307017449035,0,0.008906528388334398,18,71,-0.0006124805254938385,0.009002894017012078,0.028264378536746577,0,0.008697404932480375,4,71,-0.00010790720180844528
1.0,0.6,200,0.006564453124999992,0.017652925531914873,0.013791136865792131,0.04232758376665979,0,0.00821608320313779,36,71,-4.758993544136757e-05,0.01243336259003494,0.04555402206767935,0,0.008085201134365666,30,71,-0.001543925321646086,0.00720967551861601,0.031324144407419825,0,0.007998679745021607,7,71,-0.0001552637943381705
1.0,0.6,240,0.005274609375000022,0.017470300489168412,0.012776465730397882,0.05449747336252571,2,0.007431824595192999,28,71,2.9394444105654253e-05,0.011665058334278866,0.057306657179034305,2,0.007285237846955575,29,71,-0.001532176495704992,0.007438718793931852,0.023591288178940177,0,0.007084830040175743,4,71,-0.00014563591610606598
2.0,0.3,120,0.01435046875,0.03660158808120498,0.015735941111531926,0.03904231964305128,0,0.01187025545465796,7,71,-5.178525206145983e-05,0.013471944499001102,0.041533084691015035,0,0.01174126769403825,9,71,0.000262723985643918,0.010383043807989325,0.03655885679272261,0,0.01170774112725274,4,71,0.00013330002148053904
2.0,0.3,140,0.01018203125000002,0.027761363636363643,0.01520726020641712,0.04434641508917813,0,0.010403613039326975,14,71,3.368786097097942e-06,0.012842480594466542,0.04522165072440713,0,0.010295835169884497,18,71,-0.0006523222707326724,0.010296438409270508,0.03599259308305264,0,0.010173843918542104,2,71,-0.00018392304978523166
2.0,0.3,180,0.006482968750000004,0.023622577171572137,0.011162106563481457,0.058414696707827944,2,0.007711299773199909,18,71,5.1565945883919e-05,0.011096317876848841,0.06364576382772638,1,0.007485414230616517,18,71,0.0025459102150634464,0.007267274746828335,0.030387469064710064,0,0.007407023226665007,7,71,-6.537111700216522e-05
10.0,0.3,80,0.024951015625,0.05374509279086364,0.012903372474308296,0.04157819104416817,0,0.01212568691315377,5,71,5.788859182943652e-05,0.014678449593976836,0.049524439767828964,0,0.012014158447764742,7,71,-0.0028338619867303125,0.011632080257477723,0.04329056694804282,0,0.011846428124084698,3,71,-8.151544365653528e-05
10.0,0.3,100,0.02129015625,0.04976893395549172,0.012052941078219874,0.04481743833755288,0,0.01085651936979525,5,71,4.028217973918328e-05,0.012919974743936724,0.039910044837259996,0,0.01110549053186948,9,71,-0.0008727836264207934,0.011564322337247565,0.04318785187856112,0,0.010994409280478033,5,71,-0.00014667992227448352
10.0,0.3,120,0.00967265625000005,0.03634584233261339,0.00755902307701133,0.028334000052586655,0,0.007177845398554868,4,71,-3.801977508046495e-05,0.008510844613448665,0.03581577516918985,0,0.007047019953105187,10,71,4.330649902928636e-06,0.006848139421326534,0.02709102990474125,0,0.007047019953105187,7,71,0.00020021476538552996
5.0,0.6,100,0.016528828125000013,0.04409847122302157,0.012765150819462523,0.033966157809662195,0,0.01090459287188243,4,71,9.744188028108642e-05,0.011305369233688396,0.039696800606960576,0,0.010640823706816172,5,71,0.002086692623284936,0.011135104556553754,0.03484437816480003,0,0.011074185260221088,2,71,1.3176534384899536e-05
5.0,0.6,120,0.012059921875000006,0.02703478107344631,0.009715007046815327,0.03758498158666824,0,0.008911907051670666,7,71,5.975561325220635e-07,0.009202980855505399,0.032165409073788113,0,0.008747767574317968,5,71,0.00039847530330111076,0.008199219349956072,0.02447348074383234,0,0.00877436426876345,2,71,0.0001327060252753361
