rate,load,c,T0_ms,D_ms,inwin,coupling,q_clean,n_strata,ece_excess_over_null,G4a_fires,share_exceed_null95,n_exceed,exceed_same_sign_frac,mean_bias_exceeding,G4b_fires
1,0.3,1.0,161.50859983963096,161.50859983963096,0.31195,0.43743199529980503,0.4972046585880933,71,0.005181919699575471,False,0.09859154929577464,7,0.7142857142857143,-0.013584380860180087,False
1,0.3,1.15,161.50859983963096,185.73488981557557,0.229475,0.5042483685666761,0.613913697958568,71,0.006655800894239013,False,0.15492957746478872,11,0.7272727272727273,-0.008372193650401318,False
1,0.3,1.3,161.50859983963096,209.96117979152024,0.171725,0.5244957346727258,0.6990804756637168,71,0.003956698639677351,False,0.1267605633802817,9,0.5555555555555556,0.000345498163265296,False
1,0.3,1.5,161.50859983963096,242.2628997594464,0.1224,0.5059116030061135,0.775821161001609,71,0.004662181813299662,False,0.09859154929577464,7,0.5714285714285714,-0.010978080167845627,False
1,0.3,1.75,161.50859983963096,282.6400497193542,0.086425,0.44904212038994945,0.8346875314259855,71,0.00466149961817899,False,0.14084507042253522,10,0.6,-0.016359547758164904,False
1,0.6,1.0,212.4249814882889,212.4249814882889,0.1344,0.34530430453939404,0.5001581036287509,71,0.00391729647695779,False,0.1267605633802817,9,0.7777777777777778,-0.014557744966259488,False
1,0.6,1.15,212.4249814882889,244.2887287115322,0.105375,0.333445120549603,0.5582779321603031,71,0.0036398304524710642,False,0.16901408450704225,12,0.6666666666666666,-0.01750676092136364,False
1,0.6,1.3,212.4249814882889,276.1524759347756,0.09055,0.3052060679870489,0.6016808830126608,71,0.003047916622246509,False,0.14084507042253522,10,0.6,-0.012983710615984754,False
1,0.6,1.5,212.4249814882889,318.6374722324333,0.079875,0.2651111453647081,0.645144583042568,71,0.002505259078636102,False,0.15492957746478872,11,0.6363636363636364,-0.011504342899345966,False
1,0.6,1.75,212.4249814882889,371.7437176045056,0.0718,0.2169810067873258,0.6870560637025221,71,0.0023653713735058302,False,0.1267605633802817,9,0.5555555555555556,-0.01091079221886245,False
1,0.85,1.0,547.9357736390715,547.9357736390715,0.047575,0.04927205800013601,0.5003231782497106,71,0.0012152598695056565,False,0.16901408450704225,12,0.5833333333333334,-0.0015162684796838494,False
1,0.85,1.15,547.9357736390715,630.1261396849322,0.0464,0.03947652785166539,0.5296034422022042,71,0.001476008996004979,False,0.09859154929577464,7,0.7142857142857143,-0.0017335138479971368,False
1,0.85,1.3,547.9357736390715,712.316505730793,0.04695,0.03433756894262385,0.5557942478989483,71,0.0007612073398550363,False,0.1267605633802817,9,0.6666666666666666,0.0003560404774272663,False
1,0.85,1.5,547.9357736390715,821.9036604586073,0.0442,0.03173967776003783,0.5862720799154547,71,0.0015103687547889308,False,0.11267605633802817,8,0.875,0.007696108155490752,False
1,0.85,1.75,547.9357736390715,958.8876038683751,0.044575,0.03358831400993589,0.6233589464546324,71,0.0023177176105216232,False,0.16901408450704225,12,0.75,0.004953015563132111,True
2,0.3,1.0,120.18692288615807,120.18692288615807,0.59305,0.4191028306533247,0.4998522329246935,71,0.0021236779123035426,False,0.1267605633802817,9,0.5555555555555556,0.017360788137711212,False
2,0.3,1.15,120.18692288615807,138.21496131908177,0.410925,0.48286495991240297,0.6481462659494621,71,0.0011172440453314572,False,0.056338028169014086,4,1.0,-0.021908230241486686,False
2,0.3,1.3,120.18692288615807,156.2429997520055,0.2623,0.4821182113049222,0.7452495621716287,71,0.0017598402579461388,False,0.09859154929577464,7,0.7142857142857143,-0.011999933300972218,False
2,0.3,1.5,120.18692288615807,180.2803843292371,0.158575,0.42456363716301865,0.8228937327995997,71,0.0031745542743031943,False,0.1267605633802817,9,0.7777777777777778,-0.020188999514489894,False
2,0.3,1.75,120.18692288615807,210.32711505077663,0.096725,0.3312031094450545,0.8765370903177383,71,0.002314241978888385,False,0.11267605633802817,8,0.5,-0.0074227251852414106,False
2,0.6,1.0,141.01727087616212,141.01727087616212,0.284,0.3315621478045723,0.500198377986604,71,0.0016246275469099201,False,0.1267605633802817,9,0.7777777777777778,-0.007467017546715033,False
2,0.6,1.15,141.01727087616212,162.1698615075864,0.187775,0.3104494426040949,0.5779094396680996,71,0.002213389829226739,False,0.11267605633802817,8,0.625,-0.013021877072748454,False
2,0.6,1.3,141.01727087616212,183.32245213901075,0.1369,0.2748641886625145,0.6304132197840647,71,0.0016024907238976743,False,0.1267605633802817,9,0.7777777777777778,0.005868817547988434,False
2,0.6,1.5,141.01727087616212,211.52590631424317,0.0975,0.22530789803355533,0.6779833237528742,71,0.0010040653848012188,False,0.11267605633802817,8,0.625,-0.0034646926556459526,False
2,0.6,1.75,141.01727087616212,246.7802240332837,0.072975,0.16956331369819821,0.7188421598520444,71,0.0015653063158995572,False,0.1267605633802817,9,0.6666666666666666,-0.001010914709157028,False
2,0.85,1.0,358.88079751921714,358.88079751921714,0.03275,0.044666749110457815,0.49951710122313386,71,0.0002833596896439179,False,0.07042253521126761,5,0.6,0.006984478687807094,False
2,0.85,1.15,358.88079751921714,412.7129171470997,0.029825,0.03502441056972527,0.5202620866260633,71,0.0005916478593703516,False,0.08450704225352113,6,0.6666666666666666,0.006365037198868727,False
2,0.85,1.3,358.88079751921714,466.54503677498235,0.027775,0.02856986415649987,0.5384730331705844,71,0.0004788851811527361,False,0.07042253521126761,5,0.6,0.005914783125917644,False
2,0.85,1.5,358.88079751921714,538.3211962788257,0.028125,0.01891199496014695,0.5614296005939498,71,0.0006882953328238729,False,0.09859154929577464,7,0.7142857142857143,0.004545750355680072,False
2,0.85,1.75,358.88079751921714,628.04139565863,0.027625,0.008122167785491907,0.5860535058136609,71,0.0007291559554182432,False,0.07042253521126761,5,0.8,0.0012609040979021159,False
5,0.3,1.0,93.96421405852607,93.96421405852607,0.829725,0.3591373141340864,0.5051449982485112,71,-0.0011042519265023684,False,0.014084507042253521,1,1.0,0.01250719112416565,False
5,0.3,1.15,93.96421405852607,108.05884616730496,0.811675,0.395819796644555,0.6923619451533803,71,-9.198386921034293e-05,False,0.056338028169014086,4,0.75,-0.003116776464673038,False
5,0.3,1.3,93.96421405852607,122.15347827608389,0.49435,0.3525641585746546,0.8111003728168944,71,0.0011569181279661236,False,0.04225352112676056,3,0.6666666666666666,0.005218870886925094,False
5,0.3,1.5,93.96421405852607,140.9463210877891,0.196625,0.2573155080669757,0.8934993181704449,71,-2.991286813462668e-05,False,0.028169014084507043,2,1.0,0.02822943936129252,False
5,0.3,1.75,93.96421405852607,164.43737460242062,0.0831,0.15294431670983022,0.9379793136666166,71,-0.00014510213624699224,False,0.056338028169014086,4,1.0,0.009614986145417004,False
5,0.6,1.0,106.31387377778134,106.31387377778134,0.6376,0.2655080619577026,0.4999749737224085,71,0.0013946879247229774,False,0.07042253521126761,5,0.6,0.02065824987728847,False
5,0.6,1.15,106.31387377778134,122.26095484444853,0.39575,0.21830030907452824,0.6089253090745282,71,0.0010460585994235376,False,0.14084507042253522,10,0.5,0.006748961679929377,False
5,0.6,1.3,106.31387377778134,138.20803591111576,0.204925,0.15170582236348162,0.6729558223634816,71,0.00010655172914322657,False,0.07042253521126761,5,0.6,-0.0034153384017769906,False
5,0.6,1.5,106.31387377778134,159.470810666672,0.112,0.08568108554423315,0.7218759384854097,71,0.00026444289791048917,False,0.08450704225352113,6,0.8333333333333334,0.004706802847138388,False
5,0.6,1.75,106.31387377778134,186.04927911111736,0.06915,0.04742197781935742,0.7587638895840633,71,0.00041681335961041635,False,0.08450704225352113,6,0.6666666666666666,0.004209510005420951,False
5,0.85,1.0,308.3969139216265,308.3969139216265,0.032075,0.03134424622768023,0.49887804004823877,71,0.000407897325434955,False,0.08450704225352113,6,0.8333333333333334,0.0072512074414070775,False
5,0.85,1.15,308.3969139216265,354.6564510098704,0.030825,0.029692489465008687,0.52080768554344,71,0.00035562214260066206,False,0.04225352112676056,3,0.6666666666666666,0.004082818362439696,False
5,0.85,1.3,308.3969139216265,400.91598809811444,0.027925,0.029282458381406307,0.5420479812572233,71,0.0002678291369256269,False,0.014084507042253521,1,1.0,3.4520951337158046e-05,False
5,0.85,1.5,308.3969139216265,462.59537088243974,0.0236,0.028630928570279046,0.566723248831717,71,6.101625170901442e-05,False,0.04225352112676056,3,0.6666666666666666,0.002046602664180256,False
5,0.85,1.75,308.3969139216265,539.6945993628464,0.022925,0.027489113950507682,0.5931085435405256,71,0.0004400226721058926,False,0.014084507042253521,1,1.0,-0.0004028061016214668,False
10,0.3,1.0,84.39399947650489,84.39399947650489,0.9047,0.2701562506796995,0.5017077857674188,71,0.0016450195144734371,False,0.07042253521126761,5,0.6,-0.0192272795012113,False
10,0.3,1.15,84.39399947650489,97.05309939798062,0.936275,0.27649053568295473,0.7051272315893875,71,-0.00024165078093136422,False,0.056338028169014086,4,0.75,0.01842851466942791,False
10,0.3,1.3,84.39399947650489,109.71219931945636,0.73965,0.22158611411991413,0.8350181316637738,71,-5.497758234650901e-05,False,0.09859154929577464,7,0.5714285714285714,-0.010083458128515521,False
10,0.3,1.5,84.39399947650489,126.59099921475733,0.225725,0.13157495526671048,0.9216882593602778,71,-0.0005625564702301539,False,0.014084507042253521,1,1.0,0.005049511208635504,False
10,0.3,1.75,84.39399947650489,147.68949908388356,0.062125,0.061193363812871326,0.9627650012397719,71,-0.00039130990660919945,False,0.04225352112676056,3,1.0,0.011903564070330108,False
10,0.6,1.0,94.97616603787495,94.97616603787495,0.717825,0.1878170541011232,0.5064436018605571,71,-0.0010457285153295422,False,0.08450704225352113,6,0.8333333333333334,-0.010814927210034833,False
10,0.6,1.15,94.97616603787495,109.22259094355618,0.593,0.14310724842772166,0.6280810839230047,71,-5.2529212266731046e-05,False,0.08450704225352113,6,0.5,0.009653425555403364,False
10,0.6,1.3,94.97616603787495,123.46901584923745,0.255625,0.09498401045381777,0.6976981171755159,71,0.0005778919101542598,False,0.07042253521126761,5,1.0,0.011902481888458705,False
10,0.6,1.5,94.97616603787495,142.46424905681243,0.101675,0.053809612912546156,0.745796272700282,71,0.0005414978371078745,False,0.028169014084507043,2,1.0,0.00435497916986638,False
10,0.6,1.75,94.97616603787495,166.20829056628116,0.05695,0.027687782550005813,0.7765638143896284,71,-9.133606355385578e-05,False,0.04225352112676056,3,0.6666666666666666,-0.004066695895936112,False
10,0.85,1.0,195.50953177190107,195.50953177190107,0.0332,-0.005962912162500222,0.4998905045550105,71,0.00027814188889284906,False,0.056338028169014086,4,0.5,-0.002495347214726884,False
10,0.85,1.15,195.50953177190107,224.8359615376862,0.0302,-0.007387132194559887,0.5147967451696867,71,0.0006200209059083039,False,0.056338028169014086,4,0.5,0.0018717685048342536,False
10,0.85,1.3,195.50953177190107,254.1623913034714,0.028775,-0.005669015718235748,0.529480084342777,71,0.00016646572541241262,False,0.08450704225352113,6,0.6666666666666666,-0.0011395890232282675,False
10,0.85,1.5,195.50953177190107,293.26429765785156,0.027725,-0.002414804030773099,0.5480160989588547,71,-0.0001535898822335154,False,0.014084507042253521,1,1.0,-2.769303105087939e-05,False
10,0.85,1.75,195.50953177190107,342.1416806008268,0.02395,7.681287274352577e-06,0.5697243530383421,71,-0.00016966557038023116,False,0.014084507042253521,1,1.0,0.00021408866616168254,False
20,0.3,1.0,77.93024680693837,77.93024680693837,0.9598,0.16668636550445431,0.4982509501011796,71,0.0010499629056187239,False,0.08450704225352113,6,0.8333333333333334,0.026858108911211136,False
20,0.3,1.15,77.93024680693837,89.61978382797912,0.973275,0.15237547163099474,0.7110473940081931,71,-1.7829208773821603e-05,False,0.04225352112676056,3,0.6666666666666666,0.010426036250696047,False
20,0.3,1.3,77.93024680693837,101.30932084901988,0.91115,0.10638018723756848,0.8476059301120379,71,-0.0021484510613457262,False,0.0,0,,,False
20,0.3,1.5,77.93024680693837,116.89537021040755,0.278275,0.05291180864056988,0.9355111112482108,71,-0.0005520147474307978,False,0.04225352112676056,3,0.6666666666666666,0.01764500668219567,False
20,0.3,1.75,77.93024680693837,136.37793191214215,0.031275,0.01875625282677784,0.9728951248704407,71,-0.0005008983642897421,False,0.08450704225352113,6,0.5,0.0027739278077238416,False
20,0.6,1.0,86.5741577366802,86.5741577366802,0.764675,0.1042576013860465,0.5034028056489239,71,0.0009101782514410531,False,0.07042253521126761,5,0.6,-0.03019921903903052,False
20,0.6,1.15,86.5741577366802,99.56028139718222,0.756625,0.08186298108803636,0.6433176140069232,71,-0.00042508965010035205,False,0.028169014084507043,2,0.5,0.002268674389696246,False
20,0.6,1.3,86.5741577366802,112.54640505768427,0.403375,0.06019495442206224,0.7241140633622636,71,-0.0002876945992086634,False,0.08450704225352113,6,0.6666666666666666,0.005681607953218222,False
20,0.6,1.5,86.5741577366802,129.8612366050203,0.10625,0.04464942756576751,0.7778495459790298,71,0.00019099190251930208,False,0.014084507042253521,1,1.0,0.0008212615457390271,False
20,0.6,1.75,86.5741577366802,151.50477603919035,0.051075,0.036624128441290815,0.8076054783524809,71,0.0002740015226021606,False,0.08450704225352113,6,0.8333333333333334,0.005857754898371796,False
20,0.85,1.0,216.67589338978618,216.67589338978618,0.048675,0.006004330155663595,0.4998823595843999,71,0.00040092161262030804,False,0.04225352112676056,3,1.0,0.0027724256471026534,False
20,0.85,1.15,216.67589338978618,249.1772773982541,0.034925,0.00813916179715446,0.5214019286754003,71,0.00027488641224897477,False,0.028169014084507043,2,0.5,0.003644823750714843,False
20,0.85,1.3,216.67589338978618,281.67866140672203,0.02975,0.007422537748404068,0.5393217010490388,71,0.00017968993754008834,False,0.04225352112676056,3,0.6666666666666666,-0.000528286890380314,False
20,0.85,1.5,216.67589338978618,325.01384008467926,0.027675,0.0037946068923346843,0.5600373939667721,71,0.0002838328010150385,False,0.04225352112676056,3,1.0,-0.004568363921509018,False
20,0.85,1.75,216.67589338978618,379.18281343212584,0.021975,0.004807642248681687,0.58314903001556,71,-0.00011167841544273364,False,0.014084507042253521,1,1.0,0.00039842892051078493,False
